{
  "store/shopper-location.change-location.title": "Change Location",
  "store/shopper-location.change-location.addressNotApplicable": "Not applicable",
  "store/shopper-location.change-location.trigger-geolocation": "Find my location",
  "store/shopper-location.change-location.error-country": "Sorry, shipping is not available for your location.",
  "store/shopper-location.change-location.error-permission": "Failed to find your location. Please check that you have granted permission for this site to use your location.",
  "store/shopper-location.change-location.submit": "SAVE",
  "store/shopper-location.redirect-toast.message": "Switch to the {country} site, if you would like to view the {country} specific site and products.",
  "store/shopper-location.change-location.street": "Street address or P.O. Box",
  "store/shopper-location.change-location.street-placeholder": "Eg: 225 East 41st Street, New York",
  "store/shopper-location.change-location.apartment": "Apartment, suite, building, floor, etc (optional)",

  "store/shopper-location.countries.ABW": "Aruba",
  "store/shopper-location.countries.AFG": "Afghanistan",
  "store/shopper-location.countries.AGO": "Angola",
  "store/shopper-location.countries.AIA": "Anguilla",
  "store/shopper-location.countries.ALA": "Aland Islands",
  "store/shopper-location.countries.ALB": "Albania",
  "store/shopper-location.countries.AND": "Andorra",
  "store/shopper-location.countries.ARE": "United Arab Emirates",
  "store/shopper-location.countries.ARG": "Argentina",
  "store/shopper-location.countries.ARM": "Armenia",
  "store/shopper-location.countries.ASM": "American Samoa",
  "store/shopper-location.countries.ATG": "Antigua and Barbuda",
  "store/shopper-location.countries.AUS": "Australia",
  "store/shopper-location.countries.AUT": "Austria",
  "store/shopper-location.countries.AZE": "Azerbaijan",
  "store/shopper-location.countries.BDI": "Burundi",
  "store/shopper-location.countries.BEL": "Belgium",
  "store/shopper-location.countries.BEN": "Benin",
  "store/shopper-location.countries.BES": "Bonaire, Saint Eustatius and Saba",
  "store/shopper-location.countries.BFA": "Burkina Faso",
  "store/shopper-location.countries.BGD": "Bangladesh",
  "store/shopper-location.countries.BGR": "Bulgaria",
  "store/shopper-location.countries.BHR": "Bahrain",
  "store/shopper-location.countries.BHS": "Bahamas",
  "store/shopper-location.countries.BIH": "Bosnia and Herzegovina",
  "store/shopper-location.countries.BLM": "Saint-Barthélemy",
  "store/shopper-location.countries.BLR": "Belarus",
  "store/shopper-location.countries.BLZ": "Belize",
  "store/shopper-location.countries.BMU": "Bermuda",
  "store/shopper-location.countries.BOL": "Bolivia, Plurinational State of",
  "store/shopper-location.countries.BRA": "Brazil",
  "store/shopper-location.countries.BRB": "Barbados",
  "store/shopper-location.countries.BRN": "Brunei Darussalam",
  "store/shopper-location.countries.BTN": "Bhutan",
  "store/shopper-location.countries.BWA": "Botswana",
  "store/shopper-location.countries.CAF": "Central African Republic",
  "store/shopper-location.countries.CAN": "Canada",
  "store/shopper-location.countries.CCK": "Cocos (keeling) Islands",
  "store/shopper-location.countries.CHE": "Switzerland",
  "store/shopper-location.countries.CHL": "Chile",
  "store/shopper-location.countries.CHN": "China",
  "store/shopper-location.countries.CIV": "Cote d'Ivoire",
  "store/shopper-location.countries.CMR": "Cameroon",
  "store/shopper-location.countries.COD": "Congo, Democratic Republic of the",
  "store/shopper-location.countries.COG": "Congo",
  "store/shopper-location.countries.COK": "Cook Islands",
  "store/shopper-location.countries.COL": "Colombia",
  "store/shopper-location.countries.COM": "Comoros",
  "store/shopper-location.countries.CPV": "Cape Verde",
  "store/shopper-location.countries.CRI": "Costa Rica",
  "store/shopper-location.countries.CUB": "Cuba",
  "store/shopper-location.countries.CUW": "Curaçao",
  "store/shopper-location.countries.CXR": "Christmas Island",
  "store/shopper-location.countries.CYM": "Cayman Islands",
  "store/shopper-location.countries.CYP": "Cyprus",
  "store/shopper-location.countries.CZE": "Czech Republic",
  "store/shopper-location.countries.DEU": "Germany",
  "store/shopper-location.countries.DJI": "Djibouti",
  "store/shopper-location.countries.DMA": "Dominica",
  "store/shopper-location.countries.DNK": "Denmark",
  "store/shopper-location.countries.DOM": "Dominican Republic",
  "store/shopper-location.countries.DZA": "Algeria",
  "store/shopper-location.countries.ECU": "Ecuador",
  "store/shopper-location.countries.EGY": "Egypt",
  "store/shopper-location.countries.ERI": "Eritrea",
  "store/shopper-location.countries.ESH": "Western Sahara",
  "store/shopper-location.countries.ESP": "Spain",
  "store/shopper-location.countries.EST": "Estonia",
  "store/shopper-location.countries.ETH": "Ethiopia",
  "store/shopper-location.countries.FIN": "Finland",
  "store/shopper-location.countries.FJI": "Fiji",
  "store/shopper-location.countries.FLK": "Falkland Islands (Malvinas)",
  "store/shopper-location.countries.FRA": "France",
  "store/shopper-location.countries.FRO": "Faeroe Islands",
  "store/shopper-location.countries.FSM": "Micronesia, Federated States of",
  "store/shopper-location.countries.GAB": "Gabon",
  "store/shopper-location.countries.GBR": "United Kingdom",
  "store/shopper-location.countries.GEO": "Georgia",
  "store/shopper-location.countries.GGY": "Guernsey",
  "store/shopper-location.countries.GHA": "Ghana",
  "store/shopper-location.countries.GIB": "Gibraltar",
  "store/shopper-location.countries.GIN": "Guinea",
  "store/shopper-location.countries.GLP": "Guadeloupe",
  "store/shopper-location.countries.GMB": "Gambia",
  "store/shopper-location.countries.GNB": "Guinea-Bissau",
  "store/shopper-location.countries.GNQ": "Equatorial Guinea",
  "store/shopper-location.countries.GRC": "Greece",
  "store/shopper-location.countries.GRD": "Grenada",
  "store/shopper-location.countries.GRL": "Greenland",
  "store/shopper-location.countries.GTM": "Guatemala",
  "store/shopper-location.countries.GUF": "French Guiana",
  "store/shopper-location.countries.GUM": "Guam",
  "store/shopper-location.countries.GUY": "Guyana",
  "store/shopper-location.countries.HKG": "Hong Kong",
  "store/shopper-location.countries.HND": "Honduras",
  "store/shopper-location.countries.HRV": "Croatia",
  "store/shopper-location.countries.HTI": "Haiti",
  "store/shopper-location.countries.HUN": "Hungary",
  "store/shopper-location.countries.IDN": "Indonesia",
  "store/shopper-location.countries.IMN": "Man, Isle of",
  "store/shopper-location.countries.IND": "India",
  "store/shopper-location.countries.IRL": "Ireland",
  "store/shopper-location.countries.IRN": "Iran, Islamic Republic of",
  "store/shopper-location.countries.IRQ": "Iraq",
  "store/shopper-location.countries.ISL": "Iceland",
  "store/shopper-location.countries.ISR": "Israel",
  "store/shopper-location.countries.ITA": "Italy",
  "store/shopper-location.countries.JAM": "Jamaica",
  "store/shopper-location.countries.JEY": "Jersey",
  "store/shopper-location.countries.JOR": "Jordan",
  "store/shopper-location.countries.JPN": "Japan",
  "store/shopper-location.countries.KAZ": "Kazakhstan",
  "store/shopper-location.countries.KEN": "Kenya",
  "store/shopper-location.countries.KGZ": "Kyrgyzstan",
  "store/shopper-location.countries.KHM": "Cambodia",
  "store/shopper-location.countries.KIR": "Kiribati",
  "store/shopper-location.countries.KNA": "Saint Kitts and Nevis",
  "store/shopper-location.countries.KOR": "Korea, Republic of",
  "store/shopper-location.countries.KWT": "Kuwait",
  "store/shopper-location.countries.LAO": "Lao People's Democratic Republic",
  "store/shopper-location.countries.LBN": "Lebanon",
  "store/shopper-location.countries.LBR": "Liberia",
  "store/shopper-location.countries.LBY": "Libya",
  "store/shopper-location.countries.LCA": "Saint Lucia",
  "store/shopper-location.countries.LIE": "Liechtenstein",
  "store/shopper-location.countries.LKA": "Sri Lanka",
  "store/shopper-location.countries.LSO": "Lesotho",
  "store/shopper-location.countries.LTU": "Lithuania",
  "store/shopper-location.countries.LUX": "Luxembourg",
  "store/shopper-location.countries.LVA": "Latvia",
  "store/shopper-location.countries.MAC": "Macau",
  "store/shopper-location.countries.MAF": "Saint Martin",
  "store/shopper-location.countries.MAR": "Morocco",
  "store/shopper-location.countries.MCO": "Monaco",
  "store/shopper-location.countries.MDA": "Moldova, Republic of",
  "store/shopper-location.countries.MDG": "Madagascar",
  "store/shopper-location.countries.MDV": "Maldives",
  "store/shopper-location.countries.MEX": "Mexico",
  "store/shopper-location.countries.MHL": "Marshall Islands",
  "store/shopper-location.countries.MKD": "Macedonia, the former Yugoslav Republic of",
  "store/shopper-location.countries.MLI": "Mali",
  "store/shopper-location.countries.MLT": "Malta",
  "store/shopper-location.countries.MMR": "Myanmar",
  "store/shopper-location.countries.MNE": "Montenegro",
  "store/shopper-location.countries.MNG": "Mongolia",
  "store/shopper-location.countries.MNP": "Northern Mariana Islands",
  "store/shopper-location.countries.MOZ": "Mozambique",
  "store/shopper-location.countries.MRT": "Mauritania",
  "store/shopper-location.countries.MSR": "Montserrat",
  "store/shopper-location.countries.MTQ": "Martinique",
  "store/shopper-location.countries.MUS": "Mauritius",
  "store/shopper-location.countries.MWI": "Malawi",
  "store/shopper-location.countries.MYS": "Malaysia",
  "store/shopper-location.countries.MYT": "Mayotte",
  "store/shopper-location.countries.NAM": "Namibia",
  "store/shopper-location.countries.NCL": "New Caledonia",
  "store/shopper-location.countries.NER": "Niger",
  "store/shopper-location.countries.NFK": "Norfolk Island",
  "store/shopper-location.countries.NGA": "Nigeria",
  "store/shopper-location.countries.NIC": "Nicaragua",
  "store/shopper-location.countries.NIU": "Niue",
  "store/shopper-location.countries.NLD": "Netherlands",
  "store/shopper-location.countries.NOR": "Norway",
  "store/shopper-location.countries.NPL": "Nepal",
  "store/shopper-location.countries.NRU": "Nauru",
  "store/shopper-location.countries.NZL": "New Zealand",
  "store/shopper-location.countries.OMN": "Oman",
  "store/shopper-location.countries.PAK": "Pakistan",
  "store/shopper-location.countries.PAN": "Panama",
  "store/shopper-location.countries.PCN": "Pitcairn",
  "store/shopper-location.countries.PER": "Peru",
  "store/shopper-location.countries.PHL": "Philippines",
  "store/shopper-location.countries.PLW": "Palau",
  "store/shopper-location.countries.PNG": "Papua New Guinea",
  "store/shopper-location.countries.POL": "Poland",
  "store/shopper-location.countries.PRI": "Puerto Rico",
  "store/shopper-location.countries.PRK": "Korea, Democratic People's Republic of",
  "store/shopper-location.countries.PRT": "Portugal",
  "store/shopper-location.countries.PRY": "Paraguay",
  "store/shopper-location.countries.PSE": "Palestinian, State of",
  "store/shopper-location.countries.PYF": "French Polynesia",
  "store/shopper-location.countries.QAT": "Qatar",
  "store/shopper-location.countries.REU": "Réunion",
  "store/shopper-location.countries.ROU": "Romania",
  "store/shopper-location.countries.RUS": "Russian Federation",
  "store/shopper-location.countries.RWA": "Rwanda",
  "store/shopper-location.countries.SAU": "Saudi Arabia",
  "store/shopper-location.countries.SDN": "Sudan",
  "store/shopper-location.countries.SEN": "Senegal",
  "store/shopper-location.countries.SGP": "Singapore",
  "store/shopper-location.countries.SHN": "Saint Helena, Ascension and Tristan da Cunha",
  "store/shopper-location.countries.SJM": "Svalbard and Jan Mayen Islands",
  "store/shopper-location.countries.SLB": "Solomon Islands",
  "store/shopper-location.countries.SLE": "Sierra Leone",
  "store/shopper-location.countries.SLV": "El Salvador",
  "store/shopper-location.countries.SMR": "San Marino",
  "store/shopper-location.countries.SOM": "Somalia",
  "store/shopper-location.countries.SPM": "Saint Pierre and Miquelon",
  "store/shopper-location.countries.SRB": "Serbia",
  "store/shopper-location.countries.SSD": "South Sudan",
  "store/shopper-location.countries.STP": "Sao Tome and Principe",
  "store/shopper-location.countries.SUR": "Suriname",
  "store/shopper-location.countries.SVK": "Slovakia",
  "store/shopper-location.countries.SVN": "Slovenia",
  "store/shopper-location.countries.SWE": "Sweden",
  "store/shopper-location.countries.SWZ": "Swaziland",
  "store/shopper-location.countries.SXM": "Sint Maarten",
  "store/shopper-location.countries.SYC": "Seychelles",
  "store/shopper-location.countries.SYR": "Syrian Arab Republic",
  "store/shopper-location.countries.TCA": "Turks and Caicos Islands",
  "store/shopper-location.countries.TCD": "Chad",
  "store/shopper-location.countries.TGO": "Togo",
  "store/shopper-location.countries.THA": "Thailand",
  "store/shopper-location.countries.TJK": "Tajikistan",
  "store/shopper-location.countries.TKL": "Tokelau",
  "store/shopper-location.countries.TKM": "Turkmenistan",
  "store/shopper-location.countries.TLS": "Timor-Leste",
  "store/shopper-location.countries.TON": "Tonga",
  "store/shopper-location.countries.TTO": "Trinidad and Tobago",
  "store/shopper-location.countries.TUN": "Tunisia",
  "store/shopper-location.countries.TUR": "Turkey",
  "store/shopper-location.countries.TUV": "Tuvalu",
  "store/shopper-location.countries.TWN": "Taiwan",
  "store/shopper-location.countries.TZA": "Tanzania, United Republic of",
  "store/shopper-location.countries.UGA": "Uganda",
  "store/shopper-location.countries.UKR": "Ukraine",
  "store/shopper-location.countries.URY": "Uruguay",
  "store/shopper-location.countries.USA": "United States",
  "store/shopper-location.countries.UZB": "Uzbekistan",
  "store/shopper-location.countries.VAT": "Holy See (Vatican City State)",
  "store/shopper-location.countries.VCT": "Saint Vincent and the Grenadines",
  "store/shopper-location.countries.VEN": "Venezuela",
  "store/shopper-location.countries.VGB": "British Virgin Islands",
  "store/shopper-location.countries.VIR": "Virgin Islands, U.S.",
  "store/shopper-location.countries.VNM": "Viet Nam",
  "store/shopper-location.countries.VUT": "Vanuatu",
  "store/shopper-location.countries.WLF": "Wallis and Futuna",
  "store/shopper-location.countries.WSM": "Samoa",
  "store/shopper-location.countries.YEM": "Yemen",
  "store/shopper-location.countries.ZAF": "South Africa",
  "store/shopper-location.countries.ZMB": "Zambia",
  "store/shopper-location.countries.ZWE": "Zimbabwe"
}
